TVOC_AUC,TVOC_Mean,TVOC_Max,TVOC_Skew,TVOC_Kurtosis,TVOC_Decay,Label
1.533344949645155,0.0037858615094721972,2.15624500936991,2.145402104544568,3.8050839930839375,0.18167349358687185,butana
-58.98922890598388,-0.18894353699466326,0.6131922673139601,1.8990050494832167,2.5446214266475975,0.20120362719520432,butana
-4.225639080254787,-0.014489439813247839,1.9992513132271368,2.112536674701337,3.6018631498223552,0.13084093047824413,butana
0.4323955903101293,0.0003040885520386784,2.101969321204234,2.126913241041758,3.671345822326546,0.1706836410718839,butana
2.002931102162684,0.005269887113079399,2.190484345362276,2.081987453714514,3.4177401263434026,0.14977187375594536,butana
8.435179683233358,0.02570323304749068,2.347478041505049,2.110401638719735,3.560069892448862,0.1759041970198561,butana
-19.64353979360112,-0.06363515984949607,1.4476175666834663,1.9671674519649336,2.8114786114418164,0.17679597605929392,butana
11.474491408155707,0.035363516486324444,9.653391468142736,5.487185962056671,29.496115756222224,0.7345400856680996,spirtus
-33.92884258707015,-0.10843745486325534,1.1498621559054116,1.9843389522943211,2.903293991738013,0.21303898428179605,butana
-9.809821155898582,-0.032217404537055225,1.7022567765822456,1.9584187728548195,2.7563204133663133,0.19556887746898907,butana
7.830772979803619,0.024193873822348465,10.740934229144694,5.847655457036084,34.23825084638803,0.6783150905217484,spirtus
3.4489723922402646,0.009841552790822368,2.253383273703807,2.1342859135118846,3.665202771613502,0.1614194016658694,butana
5.831812063950686,0.01760665898407826,9.64476822796688,5.443099154057372,30.45110882606057,0.6240981901724957,spirtus
8.486973652628066,0.02578539736392002,2.3246518175101385,2.1587035433288726,3.863803650307097,0.16563630341751845,butana
-13.726547568714182,-0.04465145664123171,10.776188063981278,7.0617657911078116,53.003849319572254,0.45610015075458005,spirtus
-1.147179110137671,-0.004741579978460213,12.031630383701357,7.169822078201589,54.189593311966185,0.45813680687459096,spirtus
15.21804667166058,0.04710833311894066,10.599411640376248,5.535978747757537,31.511508880808037,0.6167140612937418,spirtus
9.784154992993038,0.030102594823446342,11.12111767101548,5.858094795852967,34.87078917570509,0.6941524566916522,spirtus
-16.978125421112765,-0.055323576501483916,10.41375835188431,6.958682550581606,51.04392104607914,0.7292372757546732,spirtus
9.40136301999572,0.028770079156718694,10.88245681791314,5.667899677550388,32.540900867178614,0.6506932409469873,spirtus
-31.552125419777855,-0.10091860583427073,1.2860586257417108,2.0397012461756034,3.1780387344741294,0.14687438564399274,butana
7.533924272501004,0.022842507338357868,14.586645722865004,7.09196331935311,52.6697349245231,0.853619020725425,spirtus
-28.213265155423677,-0.09092889428021159,1.2835223786311651,1.9500686762933488,2.700340504808583,0.1359563330305951,butana
-0.5740785641570838,-0.0029642644874738108,11.050356376631258,6.33299181520572,42.08602869173942,0.897389779288744,spirtus
56.6014835250112,0.17809425984078997,3.289693843072744,2.1711122133744585,3.8366047369689467,0.15928077859155992,butana
-1.8685055440532494,-0.007013039245560383,11.571808782559437,6.602443582732051,45.88863703283934,0.7016359869804694,spirtus
14.207551294479629,0.04404231255126755,11.403909223841316,5.798317444746819,34.273781104197774,0.6665809545968271,spirtus
-2.2551018877163784,-0.008221286240042255,10.139843663945385,6.1601401772968325,41.12341089808914,0.5799528021157654,spirtus
-7.615586968210039,-0.025251179140089952,1.8364242487301088,2.0408038341613226,3.2155858571122202,0.1761246658794122,butana
34.87030197575519,0.11001376413386661,2.821502626466024,2.1604769355235085,3.756239879515892,0.17270178870010566,butana
12.815603090562334,0.04064150429084213,9.64476822796688,5.2795698311367865,27.565001098782364,0.6227512561191303,spirtus
-0.9663079184926247,-0.004143161917847482,9.78603719202427,5.703906874193557,32.77858973066853,0.9601876218280666,spirtus
-29.969489467120994,-0.09651106108944114,1.2454786719729811,2.0305358869179435,3.1345975566355264,0.24320416769200492,butana
6.475493824930744,0.0195553608204194,11.076733346580932,5.912813672360767,35.67164916130999,0.8987023031714685,spirtus
3.7832129887470174,0.011025620273498727,9.397230509977629,5.5355947535731955,32.09752332303756,0.6827611426825938,spirtus
3.116614964079659,0.008846582415446879,2.164868249545765,2.158574158450301,3.8850307979781347,0.19677350429574833,butana
-5.48724067705615,-0.018419945075168784,8.59273292651256,5.4634474809783375,31.372665717559777,0.6145505187660749,spirtus
1.159067160144609,0.0026096966587068385,2.1506652657267096,2.1512268426126293,3.8166858555106957,0.17511390632927865,butana
11.203456631730745,0.034821436246906534,10.917710652749722,5.684489794435786,34.59879582671514,0.593331519193029,spirtus
4.5393050250638325,0.013295182954328029,2.193274217183876,2.0555453835459927,3.255774533313101,0.18768712833973622,butana
16.09718220419164,0.050025440258716566,10.723180499370876,5.439170737763173,29.63594278715196,0.6293069774537492,spirtus
-38.198887239371494,-0.12391535474276795,1.082651607475953,1.973616788348083,2.91162443615573,0.19777692819211048,butana
-3.566160303173369,-0.01235863552490284,1.913526160890695,2.055076371635854,3.288686404449603,0.1774774795001135,butana
5.507462831175054,0.01641010157132642,2.281789241341918,2.0994474066807705,3.467102453703367,0.1842151463628943,butana
-23.45372607209738,-0.0762515550001227,1.415914477801646,2.0308754301920207,3.1504851768010553,0.20804697737032862,butana
9.956927949560757,0.030563165605983857,11.103363941241662,5.92705287626451,36.2218975877263,0.664905708717727,spirtus
-43.61663697622393,-0.14088195973443016,1.0075786930038029,2.0736378320305144,3.409578115546931,0.22740967113536956,butana
6.5988822468587855,0.019937413331020733,2.250593401882207,2.138477654556507,3.74936853649465,0.19110830750288352,butana
-8.891264736474938,-0.029210231832819195,12.385183230911414,7.36831674447417,56.81471896872735,0.3861884735609856,spirtus
-6.074055974420432,-0.02034696290188894,12.111268542972487,7.144989915502599,53.563736277015515,0.7172466679157028,spirtus
-7.486257382558975,-0.025226946487205807,11.439416683388956,7.04792977879991,52.23271132712699,0.704405999234739,spirtus
-4.44326809932636,-0.015415760890540387,9.883429081069222,6.232362130595601,42.22917759751453,0.5808685190199089,spirtus
-4.40553128440844,-0.015011261062989221,1.9992513132271368,2.09188329719335,3.521814559443465,0.1800580573327583,butana
2.598713304106255,0.007198021793592292,2.147621769194055,2.1054661873532337,3.581970393522159,0.16185492812970229,butana
42.09295421315099,0.13259678944214012,11.775215800825194,5.210829400617407,27.49421031454611,0.7075227779962034,spirtus
-5.890377155277363,-0.019712146925794823,1.9249392728881505,2.0847132385698863,3.448800427642986,0.15324277742470366,butana
23.926358921087726,0.07584305594338199,10.891080058088994,5.386719537655373,28.595001323163213,0.6371638986568166,spirtus
28.44629619779377,0.08926400111120228,2.710161378313072,2.16200687950062,3.8786113573273466,0.17035268452921484,butana
11.744982162495376,0.03620973734765244,10.431512081658129,5.538354020552234,30.711931545265912,0.6863758300294404,spirtus
7.831933307990099,0.023806281240365164,9.918682915905809,5.574956879833367,31.12191279096939,0.675135739918596,spirtus
14.953098888300957,0.046713777298981234,11.89898465981982,5.937414251794112,36.144830079899926,0.7527804578428161,spirtus
-7.635876945094424,-0.025315591765119657,1.8052284092703972,2.0142164858716205,3.0943555598348826,0.1799275241913376,butana
-4.863179319829982,-0.016566775176622063,2.010664425224592,2.0996532174263494,3.5418451925435184,0.17014118010804788,butana
-10.84892159708913,-0.035517746412016014,11.12999453590239,7.167522766102006,54.24546463201747,0.5192086259166595,spirtus
8.764692711232769,0.026663452534469577,9.476615044537708,5.477589572399684,29.442185716315578,0.8487861127797823,spirtus
-0.19028858668164617,-0.001675095876651988,8.442333472857207,5.433552021289897,29.03544994647463,0.832139551480357,spirtus
9.326978695640754,0.028462101197359754,9.220200461661545,5.407801933933143,28.778527454548854,0.750111160755855,spirtus
12.4778852934271,0.038417673716096404,2.43320319384149,2.146680912059983,3.7835466000237625,0.20733993364857015,butana
35.191064951223225,0.11068361440702601,2.9100176506240656,2.189720762765552,4.012080758853442,0.15789496803333716,butana
-53.53939564318301,-0.17213598775041192,0.7671424669240788,1.9424455197776933,2.775212629067716,0.18895263135615598,butana
0.04253763675612987,-0.000958739316741732,14.87831414057775,7.408840606985099,59.164800164860985,0.7666252632796342,spirtus
-1.213954693161,-0.0049575983384859785,2.0449037612169576,2.114470079737578,3.61311175495665,0.1421690225074515,butana
-46.46047633293917,-0.14951882182403842,0.8853315822755042,1.9510342589056242,2.8372441839496334,0.19311378814863012,butana
15.617197438520911,0.04850288683457642,2.481645513652912,2.1106523225656137,3.5649013333155475,0.1329601480327083,butana
12.19275658986222,0.0376477492014412,9.52962260914811,5.413731521579431,28.858715187228718,0.7089669611233711,spirtus
1.4492138295910166,0.003533212670070557,2.090556209206779,2.1151705102003433,3.673263775601507,0.1653373228628037,butana
10.061983108276863,0.030768801892204007,10.272235763115864,5.456873526031778,29.72250303616977,0.6638330493339486,spirtus
9.238390126156418,0.02870757553489039,9.52962260914811,5.442857946157853,29.091908239408596,0.8125710021445187,spirtus
35.14597428099509,0.1101926643346921,2.869944946277445,2.191213141191251,4.055420339024902,0.1680661970464777,butana
9.103842216941977,0.028278049814556144,11.580685647446346,5.9017593675642335,35.4286715501726,0.7778592315477428,spirtus
