TCD_AUC,TCD_Mean,TCD_Max,TCD_Skew,TCD_Kurtosis,TCD_Decay,Label
-46.535959237260855,-0.15124889911955308,3.968394898667966,4.185413046391961,17.72300748349957,0.20177014390391904,propana
66.54125633077848,0.21209957060202472,4.547514857055748,4.162863908062196,18.7267221372184,0.005342021570346259,propana
162.3054962132187,0.5137395801511957,5.551397865597813,4.582513097968949,20.87208420002655,0.007945926858080895,propana
-24.92731094286347,-0.08472850122368321,5.211642968288791,4.1709997671373085,17.51699638972061,0.16336823212340923,propana
939.3763030774152,2.975098883899118,5.817631589621164,-0.14490538971938008,17.426131909356563,0.0013614597133436994,propana
-62.490548884002656,-0.19936431806105043,4.23537755337724,4.599181346264491,21.06643719072473,0.03513007641953326,propana
-546.047370938943,-1.7511052393336417,6.20041444771418,4.188163092559629,17.808400137342574,0.3592504947466551,propana
4.241452936003512,0.013177975722085065,2.8367006304810696,4.605764215583356,21.426330528540483,0.13417749673884233,spirtus
44.62610809034416,0.1410032287096503,4.148544025717485,4.517856806564182,20.715027530499096,0.06227379368142254,propana
50.791116510727875,0.1582764783250338,5.336133517256929,4.553703914164409,20.817632973896284,0.036347908960445284,propana
92.8003422349539,0.2997217125839243,3.02617107912037,3.6531632912284473,16.16792749114149,0.00955471466207732,spirtus
58.27704768851885,0.18148917091068936,5.638240893187883,4.571052399024236,20.976745691913344,0.029591699672002092,propana
-84.32054426146087,-0.2720981138166222,1.1418800885239957,3.7988514553399653,15.330296397956754,0.2276132741917964,spirtus
59.77677799603469,0.18800698853143497,5.620712459096838,4.658082478915119,21.27888822358311,0.05342697771109865,propana
-48.37533894024618,-0.15436835493596301,1.914980077348549,4.695827605145545,21.992958193795417,-0.17389448409511854,spirtus
200.46008478989418,0.6402298201637221,2.577833692648753,0.2508702731212462,-0.989405485176758,0.012819895449989273,spirtus
45.94624709978562,0.14544764417036665,3.646970727372298,4.736612012551099,22.26097021902595,0.007367024091381295,spirtus
20.403581639688113,0.06483409889700252,3.3196885110191774,4.736625945858732,22.022019988424727,-0.013327506660506888,spirtus
-165.13926884229403,-0.5294796700151402,3.0416574540789765,4.626110091221361,21.30358652178546,-0.06301802606134321,spirtus
28.071610002701973,0.08928944770350725,1.8068142554640692,3.2730440274070203,13.952982639213776,0.015915468017918575,spirtus
-442.22283908853933,-1.4112646218711378,5.64458538318062,3.822267515013663,16.383918756062386,0.09958349611442743,propana
-36.03280527654801,-0.11499222032822341,2.5400187851745724,4.730576880553199,22.247667897121143,-0.03767741195176195,spirtus
12.244341484657355,0.038538505698016895,3.9096705107689895,4.712001052581707,21.924508429879207,0.044517861564367225,propana
-43.38731268514384,-0.14140535877841592,1.870133164238167,4.248665456912757,19.931349388830874,-0.2934157395749206,spirtus
6.632948141154571,0.020801959648609845,7.12762493561632,4.527226340564514,20.110978940475874,0.08276285175713684,propana
-199.02827331218083,-0.6358975866264204,0.804209673283755,4.026704392905232,15.173433234027666,-0.20514201203539614,spirtus
27.88312765324875,0.08669718995243114,2.879164457639084,4.172854714571911,17.760604629200856,0.07623639540401064,spirtus
-109.82369836610525,-0.3502124295548156,0.9741216386304976,4.201499249155919,17.185145889870956,0.0014109214487475126,spirtus
224.06704327690102,0.7079335238033839,7.602475277566432,4.140882340889844,17.558413486584037,0.0005043483499469156,propana
94.55215063348236,0.29760167710508023,5.696026669574002,4.271980461790396,18.44503295705396,0.04771009502739919,propana
-535.2926003100204,-1.7479911043601977,2.7851007136491823,1.3496459635115945,0.8530006173725084,-0.12119073302959692,spirtus
-75.49631350394309,-0.2413862243577507,3.430085986348129,4.455875332998025,19.596935909618157,0.22112991182910977,spirtus
-91.21758269509505,-0.2916580215069045,4.353575218048041,4.525427226539648,20.53403916438414,0.1608276900723609,propana
-215.4199670570083,-0.6877846937843315,1.547321476271805,2.647971561122854,8.624219719609043,-0.22558689300083778,spirtus
-26.678217547075608,-0.0856819534142311,2.0924694831509663,4.256413727326804,19.390185278112753,0.12946223038522095,spirtus
152.06841637383195,0.48039767137043504,7.873424077918615,4.116404808303777,17.112823853324514,0.027485263305397356,propana
-12.548146442843041,-0.04022470313400891,3.1621434980905128,4.63256328008456,21.56709203669916,-0.07022274035967345,spirtus
-8.148322255001787,-0.03025275011693421,6.752311787126988,4.27658321786083,17.77685465369119,0.11264394969814197,propana
-69.56699054542383,-0.22377656667099968,1.4806223150042552,4.466395959169992,20.26884614448788,-0.15680212975658386,spirtus
117.57023945098072,0.3691548504298633,4.401293259305485,3.289816988625168,13.629985475369388,0.036473499982573244,propana
-89.02904291671177,-0.28363673555032853,2.464299222645101,4.0248650009589975,17.181388693049012,-0.061136060958656854,spirtus
54.43229655012706,0.17448390687291426,3.6829480506145047,4.251703830517054,18.81067914596748,0.03136055060964523,propana
761.1086419713946,2.408468673240675,8.554140413862338,3.5019114305545807,17.247300109580166,0.0022815422386384294,propana
-240.90265044320827,-0.7691329319572092,5.6463458222918606,4.503106843625828,19.479315140724328,0.4687783618891424,propana
28.595947180960213,0.09135103412964975,3.647880630028845,4.664916998286633,21.56426314742714,0.08496744033013992,propana
-53.8182130855698,-0.17171400457217723,3.078259690430899,4.7112191785749165,21.90235711296681,0.032575586843336064,spirtus
-51.26213603037215,-0.16523298214737633,5.077934944680381,4.675197459657489,21.50477927044361,-0.05906990790287776,propana
-0.761338513224274,-0.005864434945480917,4.952272835203917,4.445317177639822,19.58691820486634,0.11347987341235515,propana
190.50125282911657,0.6044714468799329,3.859417760991802,4.708259040250417,21.897042430774874,0.004652479129716959,spirtus
27.566058514648084,0.08730645196412007,3.2684356176100686,4.720120356705938,22.093219163083184,0.057085345576437595,spirtus
-70.88422082755591,-0.23061009954955533,1.1430079125573676,3.944384211503785,15.721096458566887,0.159634127434733,spirtus
-3.6206586002450223,-0.014314277769081849,1.2492554844283432,0.9677323539160195,1.9031522257104072,0.032672694079875074,spirtus
29.60078692300984,0.09236023687915429,4.589802065791005,4.603541160227612,20.6024031389742,0.1747739831593291,propana
84.65977255181227,0.26709028435890864,5.20603053322548,4.522744602425116,20.4391644419607,0.005507938458268229,propana
-83.07722290068297,-0.26471210306461246,2.8960968624835366,4.278144609038595,19.0884873765917,0.05093830109311559,spirtus
220.38589460810775,0.6948788030125198,6.094783142009304,4.097681911372847,17.53108675868223,0.01596782611263352,propana
-51.80547076746848,-0.16745995361487517,3.500038390997515,4.719814267059426,22.06047251264885,-0.05213288325638771,spirtus
85.61236957774675,0.2669843581520715,9.28289140801918,4.13498025227745,16.636702006158124,0.18169576866689938,propana
-135.96312453605742,-0.4330148882928616,2.035929836708576,4.337641929187581,19.69170799352276,-0.03333036731641808,spirtus
-20.534517545210683,-0.06566915246390398,2.4173869862162465,4.7636992600495525,22.31816409358949,0.11350891321004487,spirtus
15.927668921339052,0.05057320018914194,3.4077526810602103,4.756117311358568,22.368384598886266,-0.1407971481402212,spirtus
-27.12825303857391,-0.08845382480786299,4.812363748807729,4.68219872045716,21.864045616835686,0.2662780924313255,propana
68.35723118773342,0.21347276424431594,6.460341547664216,4.2347458815822625,17.91714113178404,0.04327501642058782,propana
-91.91355601362673,-0.2930114058167993,3.487866580193784,4.420708162247897,19.898104943966665,-0.048999187516048155,spirtus
-107.75171801541032,-0.34210958730748425,1.5183208734199245,2.6663252091480927,8.214855661975317,0.02289478612127049,spirtus
-96.02043910234944,-0.3048973031609543,1.9724768250449287,4.039922197899109,17.37412813618175,-0.15295360695099447,spirtus
-71.45424384230712,-0.2271150799060207,1.6039292612988831,4.49479478753392,20.811575990953205,-0.004396239160172774,spirtus
-42.76836563160018,-0.13497205279510532,3.7630480928954975,1.5278724293845902,0.7151870453715587,0.0005162337135057079,propana
-2.1228396303052435,-0.01021621986571882,5.567083220610919,4.466358755827228,19.5504860415986,0.14108454070113488,propana
208.84378807646897,0.6694727771221812,3.6158005277590783,4.539122524997593,21.317213739901003,-0.0005423873396106026,propana
-19.73795567265125,-0.06430707218840032,2.1898828306513938,4.391879109266168,19.880079623317684,-0.6862504475400646,spirtus
71.55144279162892,0.22732776818166897,5.074460127739748,4.422525408879384,19.452271600542538,0.0761211039339659,propana
78.7999980925658,0.25130031545971904,3.765828235794475,3.9428323862663284,14.940132196830628,0.03245030713592494,propana
0.2621744578264291,-0.0004126380992466077,4.389191786454111,4.667701675604372,21.119893543223565,0.14241517325315492,propana
-6.714950323080929,-0.02161406027088252,1.3670548461229437,4.5377385353393205,20.704186387754582,-0.15650074418971138,spirtus
52.737097138218786,0.16385376932744639,7.803934562999526,4.3079343554436536,17.888819478634282,0.2972975872700727,propana
-98.7905566224612,-0.31374012154717656,3.2794724543448472,4.269044283024671,18.84835620231235,-0.17024121871982664,spirtus
-277.5437586895665,-0.8968553540142887,1.2901481088671194,3.9959200927999223,15.510283389721064,0.05251895548547861,spirtus
173.89563545124562,0.5476052479545928,6.465307954015659,4.106901366468909,17.324219336635768,3.500131626081023e-06,propana
-31.907216681179086,-0.10365598643985087,3.4962636070670965,4.619553821694553,21.20768541538385,0.14812170839302177,spirtus
